DFE.statistic,LK4-G06,LK3-G08,LK2-G07,LK4-H03,LK4-D11,LK3-E06,LK1-D12,LK6-C05,LK4-C09,LK5-C04,LK1-B03,LK3-A05,LK4-B03,LK5-B06,LK1-D08,LK5-H12,LK1-E01,LK3-D08,LK4-B08,LK6-B07,LK6-F03,LK6-B05,LK6-E02,LK2-A11,LK5-H02,LK6-A10,LK3-D01,LK3-G02,LK5-G03,LK1-F05,LK4-H12,LK6-B10,LK6-D05,LK1-A02,LK5-F08,LK6-B09,LK5-C01,LK5-B01,LK5-F10,LK5-C03,LK6-A09,LK3-C04,LK1-B08,LK6-D06,LK2-C09,LK4-B01,LK3-B02,LK3-G10,LK5-E09,LK2-C05,LK5-H07,LK1-E09,LK5-D04,LK2-E12,LK3-B10,LK5-D05,LK5-C11,LK2-F04,LK1-C09,LK6-D07,LK1-G11,LK1-B04,LK1-E04,LK2-A12,LK4-H11,LK4-A12,LK1-A09,LK6-C11,LK5-A07,LK6-A11,LK5-D09,LK1-G08,LK4-B12,LK5-A04,LK3-C12,LK2-B07,LK3-H10,LK4-G09,LK3-B08,LK1-H04,LK2-A07,LK5-E08,LK3-F06,LK4-B05,LK2-A10,LK4-E03,LK1-A05,LK4-D01,LK6-A03,LK2-E07,LK5-G01,LK3-B11,LK3-F10,LK5-A05,LK3-H11,LK6-C12,LK5-B07,LK3-B12,LK1-B05,LK3-C11,LK3-G01,LK5-F01,LK3-H08,LK2-B05,LK2-B04,LK3-D05,LK5-B05,LK6-A07,LK1-A06,LK2-A05,LK2-F07,LK4-H10,LK3-H06,LK5-F03,LK5-E01,LK5-A03,LK5-D03,LK1-G12,LK5-F07,LK4-C10,LK2-A06,LK6-A05,LK3-G11,LK3-C09,LK5-D08,LK4-E01,LK1-D02,LK6-C02,LK2-E08,LK3-A07,LK3-H05,LK2-D07,LK1-C07,LK1-C06,LK3-D09,LK1-G09,LK2-D09,LK1-D06,LK3-A01,LK2-D05,LK1-C11,LK1-G03,LK3-D04,LK3-C06,LK2-A01,LK2-G10,model_comp_p_full_vs_qtl,model_comp_p_full_vs_x,var,x_slope,full_model_x_slope,full_model_x_effect_size_measure,full_model_qtl_effect_sizes,segregant_model_r2,segregant_model_p,segregant_model_r2_95_conf_low,segregant_model_r2_95_conf_high,segregant_model_p_values,segregant_model_params,segregant_model_coeffs,x_model_r2,x_model_p,x_model_r2_95_conf_low,x_model_r2_95_conf_high,x_model_p_values,x_model_params,x_model_coeffs,qtl_model_r2,qtl_model_p,qtl_model_r2_95_conf_low,qtl_model_r2_95_conf_high,qtl_model_p_values,qtl_model_params,qtl_model_coeffs,resid_qtl_model_r2,resid_qtl_model_p,resid_qtl_model_r2_95_conf_low,resid_qtl_model_r2_95_conf_high,resid_qtl_model_p_values,resid_qtl_model_params,resid_qtl_model_coeffs,resid_x_model_r2,resid_x_model_p,resid_x_model_r2_95_conf_low,resid_x_model_r2_95_conf_high,resid_x_model_p_values,resid_x_model_params,resid_x_model_coeffs,full_model_r2,full_model_p,full_model_r2_95_conf_low,full_model_r2_95_conf_high,full_model_p_values,full_model_params,full_model_coeffs,full_plus_seg_model_r2,full_plus_seg_model_p,full_plus_seg_model_r2_95_conf_low,full_plus_seg_model_r2_95_conf_high,full_plus_seg_model_p_values,full_plus_seg_model_params,full_plus_seg_model_coeffs,full_resid_seg_model_r2,full_resid_seg_model_p,full_resid_seg_model_r2_95_conf_low,full_resid_seg_model_r2_95_conf_high,full_resid_seg_model_p_values,full_resid_seg_model_params,full_resid_seg_model_coeffs,qtls,resid.qtls,full.model.qtls
background.fitness,0.017536443999999998,0.093805708,-0.019194571,0.02296139,-0.060829465,0.032744933,-0.057403752,-0.059662381,-0.087799295,0.054950025,-0.061280442,-0.033288214,-0.037788014,-0.068915324,-0.008491259000000001,-0.023919485,-0.043467154,0.023624539,-0.063909414,-0.016711953,-0.109289121,-0.006164366,-0.107711445,-0.12701237599999998,-0.034306781,-0.087805455,0.066184564,-0.021250726,-0.061380255,0.046509142,-0.062143255,0.029777903,-0.043812384,0.074568945,0.015046178,-0.06491301099999999,-0.035507118,-0.069096858,-0.092640198,-0.034896086,-0.118694117,-0.021324099,-0.092333836,-0.063374275,-0.029181055,-0.060980824,-0.061936905999999986,-0.05011661,-0.014933995,-0.072951481,-0.016148315,0.00130607,-0.008201942,-0.003211055,0.060567274,0.039769121,-0.07890419900000001,0.06440686799999999,0.097834819,-0.067901009,0.02621332,-0.09425094,0.010654118,-0.029611706,-0.043349795,0.044940192,-0.063297996,0.079424925,0.022318946,-0.101157306,0.003683436,-0.076569198,-0.022692414,0.032954446,0.004518577,-0.00378999,0.004132024000000001,-0.050985005,0.001601827,-0.07081425599999999,0.005623133000000001,-0.06663271,-0.125231999,-0.055145456,-0.06981008799999999,0.013554151,0.07181288400000001,0.011072576,-0.071606045,0.021067245,-0.097400427,-0.030885663,0.031324745,0.006670793,-0.037647523,0.049026118,-0.12667103400000002,-0.069789932,-0.051014885,-0.024302582000000003,0.001125763,0.029027435,-0.066259295,0.038236482,0.068553692,-0.097416376,-0.068647456,-0.043732835,0.031765912,-0.07650302099999999,-0.012979132,-0.01690951,0.010126796,-0.061319714,-0.08983357800000001,0.030986837000000007,0.072367787,-0.066683388,0.057171065,-0.045171086,-0.08736029599999999,0.006446217,-0.041289604,-0.003210792,0.032239849,0.007107061,-0.03975231,-0.010438455,-0.01185898,-0.008287901,0.017018613000000002,-0.009147778,0.00115568,0.078083465,-0.077437477,-0.110538363,-0.04650311,-0.060605349,0.019923344,-0.040989887,0.03763259,0.044068065,-0.058895829,0.010954336,-0.003379405,-0.005487313000000001,0.0,1.0,0.0026635729869269485,1.0,0.9999999999999999,0.22484719499999997,1.19661702853e-17;5.832973433e-18,,,,,,,,1.0,0.0,1.0,1.0,1.7545113524302268e-21;0.0,x,1.474514954580286e-17;1.0,0.6420927935209921,1.2433307531292788e-32,0.5583118876934645,0.7321465781417712,1.5833669953280854e-14;9.916915852767077e-33;3.391765133213447e-06,locus_9629104_chr14_381891_G_C;locus_10166821_chr15_135275_C_G,-0.022108908890410957;-4.36111123253659;-1.3496454707513,,,,,NA,NA,NA,0.3579072064790072,1.538072786657176e-15,0.24549322888184832,0.46917121026386704,0.0005624819322407578;1.5380727866572136e-15,x,0.007912937819265876;0.35790720647900753,1.0,0.0,1.0,1.0,0.11055830537035134;0.0;0.007259475695913116;0.04397517348906072,x;locus_9629104_chr14_381891_G_C;locus_10166821_chr15_135275_C_G,-2.6020852139652106e-18;0.9999999999999999;6.38378239159465e-16;3.122502256758253e-16,,,,,,,,,,,,,,,chr14_381891;chr14_368185;chr14_393024|chr15_135275;chr15_114935;chr15_189231,,chr14_381891;chr14_368185;chr14_393024|chr15_135275;chr15_114935;chr15_189231
mean,-0.02160608503488617,-0.03807838602941815,-0.022691559644252575,-0.03322012892920082,-0.011229177472886384,-0.026932409910689386,-0.01023905910989449,-0.010303454879702505,-0.01669066491187736,-0.04361367564776063,-0.0070006826837291595,-0.013326512139387401,-0.020344285097615093,-0.011456460290437238,-0.02619269778030321,-0.02123297236347406,-0.016182086126040794,-0.034908866630861346,-0.017409979519690397,-0.009949507392019533,-0.014685129293282178,-0.03787828118470014,-0.0034112275260963763,-0.012991384778741304,-0.016805393747427535,-0.004977757281391379,-0.030673324121561128,-0.019988678652557747,-0.0037744292352184035,-0.04166732229533041,-0.012158111359400406,-0.032468105496690575,-0.008952933926075398,-0.02443937588447861,-0.02824136359654045,-0.012526620727628215,-0.008608240412634638,-0.011245996529299345,-0.021582014784855115,-0.014870415904008777,0.004721773278390819,-0.04071741739850768,-0.014263829894417348,-0.0057022054211626275,-0.015548850959947316,-0.017888376279700163,-0.017901211944798753,-0.012419615239300855,-0.01974223643926946,-0.018514385429036155,-0.01295778785265962,-0.028449058916889,-0.033712821442280355,-0.027508260500075328,-0.03778435311348686,-0.03510171574656348,-0.012828770943349433,-0.03445364956800824,-0.03464090567910771,-0.007617536339524443,-0.033939367254361655,-0.017433678464436504,-0.02437477250693341,-0.025991272802064744,-0.017463716710307418,-0.041132769618240035,-0.018654764675056792,-0.030852799823809153,-0.040902409287842986,-0.004144175632037558,-0.014566385777758336,-0.011235724326491333,-0.014495026306765973,-0.037371448822069935,-0.031070705011584147,-0.0350542439614054,-0.025792052968937745,-0.00877996757368217,-0.033172390518344017,-0.020679661190955958,-0.008733444173541065,-0.027460883241970258,-0.014754990909103684,-0.015291076221284387,-0.005849487611302225,-0.035850920632354025,-0.03093891702373309,-0.027874628244511278,-0.007051522717883725,-0.023521365858672212,-0.008229027701232652,-0.015321616752160414,-0.025904399122116607,-0.03791882542625753,-0.018163890820624768,-0.039478274662837175,-0.01648414965987679,-0.01893297758070112,-0.007077276356634129,-0.01598008239085137,-0.030667271848672222,-0.02517857648153609,-0.02148024157712077,-0.03551777883058027,-0.02733975473749186,-0.012973981271417318,-0.019234222812472893,-0.027297211781213235,-0.03397451717335631,-0.007389425696707859,-0.030387694338170783,-0.02822414665917158,-0.02888760949999349,-0.010408189123196711,-0.009257268449980439,-0.035605784153568396,-0.031098373167328077,-0.013258827100913488,-0.04312749992528588,-0.01142198269399363,-0.004915831172645837,-0.031263548164748405,-0.019214154541662525,-0.01952607859360811,-0.027053574656475517,-0.023944752592611196,-0.010586664313180609,-0.015496309391094322,-0.019249643318068065,-0.026863579108063786,-0.03503268705729983,-0.024261741327717114,-0.030306282985044477,-0.03546944589415627,-0.009531569510094831,-0.0164114596566203,-0.01946524078975239,-0.018980501655168413,-0.036575158994176765,-0.015754332038785887,-0.04360397550897992,-0.02883561832936344,-0.01717274649993082,-0.030948637878051615,-0.038725941076345353,-0.02614260588781635,1.5175581755983354e-09,1.7580536718481583e-22,0.00011520935383225225,-0.16221604686647806,-0.08152245063237776,-0.018330094354216116,0.00947503187955;0.00508078369816;0.00411912552018,,,,,,,,0.6083653748647424,4.125398447394166e-31,0.5341077600662091,0.6840870163971029,2.0070009641081196e-82;4.125398447394192e-31,x,-0.025460210915569922;-0.16221604686647806,0.7502707363734553,8.299744340695876e-44,0.6796723925418425,0.8228580339051756,5.358715132435093e-91;5.290565422379981e-43;3.942177979804649e-09,locus_9629104_chr14_381891_G_C;locus_1405367_chr04_45364_T_C,-0.021873791114836342;0.9609025591820687;0.30319262131533026,0.2835900351059155,4.5716960591241335e-12,0.17779090180429713,0.42320151445380216,0.9999999999999694;4.5716960591241165e-12,locus_9706880_chr14_459667_G_A,-1.8228149024912543e-17;0.3852976187605853,0.061296378351579195,0.0025879006730356027,0.01282658338786667,0.1559266578355571,0.22922400120133993;0.0025879006730355715,x,-0.0005688935442556824;-0.025731416555903382,0.8127683348728678,2.9404271926500908e-50,0.7585736848123519,0.8731773819097283,8.893943230665104e-91;1.5425531097335488e-09;1.8678388535387176e-09;1.722314067893877e-08;2.8304078944070287e-05,x;locus_9629104_chr14_381891_G_C;locus_1405367_chr04_45364_T_C;locus_9706880_chr14_459667_G_A,-0.023676163548390115;-0.08152245063237776;0.5054795329708173;0.25568827154339496;0.2217575460267405,,,,,,,,,,,,,,,chr14_381891;chr14_371959;chr14_393024|chr04_45364;chr03_299642;chr04_62076,chr14_459667;chr14_414983;chr14_481897,chr14_381891;chr14_371959;chr14_393024|chr04_45364;chr03_299642;chr04_62076|chr14_459667;chr14_414983;chr14_481897
median,-0.017210023306099997,-0.022664805221500002,-0.01288892596325,-0.0251979856191,-0.01211478321655,-0.0164044568717,-0.010974427452749999,-0.00974810071666,-0.0103283211022,-0.02589968482545,-0.0044444977317900005,-0.01189577345475,-0.0139696778643,-0.0102874883111,-0.016356251954100003,-0.016717584078,-0.015035512609750001,-0.0233975423819,-0.013635264290099997,-0.005986183277015,-0.0161683561632,-0.0267134040645,-0.00178302373403,-0.013794181933,-0.01125059929465,-0.00662418700101,-0.0196957523351,-0.0177342716522,-0.0010220035147900002,-0.03238383410265,-0.010117733632195,-0.02711368482195,-0.0059602015984,-0.019088958403150003,-0.025170087758,-0.0100846661796,-0.01055053811755,-0.0098891016115,-0.0109787779493,-0.011198014327,0.005135999108060001,-0.033485570480400004,-0.0096970440719,-0.00780074691159,-0.01103321165315,-0.0124600121919,-0.013406317918599999,-0.0072591022288999996,-0.012848070600249999,-0.0103809872903,-0.007520861149185,-0.0186534459421,-0.02987375928245,-0.0201236638361,-0.029749988819750002,-0.02509844999875,-0.00931080611296,-0.0200903620769,-0.0176649265899,-0.006686745589015001,-0.0224943209898,-0.00969407764804,-0.0148889680831,-0.022948229961499998,-0.0131359743454,-0.02799430919125,-0.01308041015055,-0.014448057625,-0.030874875047400007,-0.002161787758335,-0.014310902409700003,-0.0072186939653,-0.012575834939200002,-0.030149940053500007,-0.02880856289715,-0.030739244618799996,-0.0210111786354,-0.0039483408847849994,-0.0238547283784,-0.012776366639599999,-0.00584945411119,-0.01913222934955,-0.012677622739800002,-0.016943051755,-0.00582232107847,-0.026868226511,-0.021300777176099996,-0.0228521412853,-0.009331976350835,-0.0154968172359,-0.008708795963690001,-0.0108254877982,-0.018668271694000003,-0.021582516980050002,-0.0124509454395,-0.0231666001108,-0.0119824933984,-0.01552742455845,-0.009851552286935,-0.0141314165135,-0.0236146016731,-0.0188761603507,-0.014722918946800001,-0.025266420449900004,-0.025107773031700004,-0.009065189092645,-0.012719328826999998,-0.0189311390139,-0.0310698209551,-0.0061914968594,-0.0209712434876,-0.0186009915466,-0.0185476705463,-0.007499915939590001,-0.010579125828,-0.022842798646299997,-0.02337404612985,-0.014496906659799996,-0.03476290069225,-0.00926798139648,-0.005295452023775,-0.02394675727625,-0.01550660592075,-0.010646374203099999,-0.02006031515455,-0.0145480607569,-0.007050736668444999,-0.01461041824325,-0.0148921195801,-0.02197611257475,-0.02302373880915,-0.0144406975016,-0.0259746655396,-0.0224601342988,-0.00514918983704,-0.0126216169978,-0.01560168608585,-0.0143302882508,-0.02421160853195,-0.010879719240600001,-0.02977340798275,-0.0212206495022,-0.0144352348845,-0.0238101582669,-0.0323408724561,-0.01912156195845,1.5042573286877205e-05,4.314291493215207e-14,6.01876613321891e-05,-0.10511212993711752,-0.045354683159965645,-0.010197873288632012,0.00648554174103;0.00351915835345,,,,,,,,0.4889481487725251,9.63373805210252e-23,0.39218340436540033,0.5905105843542586,3.462963116622204e-75;9.633738052102485e-23,x,-0.01852397122498645;-0.10511212993711752,0.6126092070864106,1.8762940074763869e-31,0.5372259526915822,0.6890053334294453,3.0173641650884143e-80;1.8762940074763897e-31,locus_9623528_chr14_376315_C_T,-0.016200056720929692;0.6540514678969115,0.2216082307934224,2.0211257072498583e-09,0.12837254570464468,0.34937802504615184,0.9999999999999771;2.0211257072498413e-09,locus_9680363_chr14_433150_G_A,-1.1668725881375241e-17;0.281219603157495,0.02698174033418843,0.04756954659252853,0.00016901807290631846,0.10598644459160558,0.4326500297731526;0.0475695465925286,x,-0.0003397804365107264;-0.015368485084223036,0.6686978499533671,6.766919470988452e-34,0.6076588243100153,0.7415336161621516,2.579081051428963e-76;0.00012113716533685342;8.40197731049142e-06;0.0003668285131009428,x;locus_9623528_chr14_376315_C_T;locus_9680363_chr14_433150_G_A,-0.017202799278666827;-0.045354683159965645;0.34662249720750515;0.18952881373547747,,,,,,,,,,,,,,,chr14_376315;chr14_368185;chr14_393024,chr14_433150;chr14_414983;chr14_485550,chr14_376315;chr14_368185;chr14_393024|chr14_433150;chr14_414983;chr14_485550
variance,0.0009375099158118757,0.0015068140713961388,0.0011522784451403383,0.0011627628019589206,0.0006641347928941174,0.0009397272777390967,0.00099602344796738,0.000761828020524822,0.0008319785027960291,0.0017789549655227027,0.0008650115937469801,0.0003580818351204789,0.0011688172325925723,0.000911590943900982,0.0010429597703483415,0.0007349480527494759,0.0006517101568167771,0.001495062849189139,0.0007063862708942399,0.0006907166916267864,0.0010710616824251306,0.0020247008487706774,0.0007452013996972238,0.0007589630856660684,0.0007355346013526434,0.0007031994400165931,0.0015514887956597845,0.0008438889664214879,0.0005811088156841251,0.0015675767979549178,0.0005304970282121324,0.0016164617981029841,0.0007652439259675855,0.0006251527714323459,0.0007067365325262285,0.000612440753405599,0.0005768314486494022,0.0009469579955379059,0.0014717203400135771,0.0007460649738342231,0.0008708251650449009,0.0010281987828622673,0.0009798256662513461,0.0006615292005617446,0.0010692086333961234,0.000895293978902924,0.0006412751832412342,0.0008832629325621907,0.001224426564796777,0.0012361699921327627,0.001058096828169458,0.0012638071908210693,0.0010970098203795062,0.0017250998561331268,0.0012752416215306235,0.0011461187959820834,0.0009647623566440677,0.0013927598868536052,0.0019357544590346766,0.0005917053178775214,0.00144524395458992,0.0011041130646934245,0.0014304582109418364,0.0008392304786853249,0.001140881937142227,0.0017227542532420952,0.0007290448329097079,0.0020950255350779016,0.0016983420183074604,0.000709159289614431,0.0010530074353590135,0.0010897872534823203,0.0008377638936588924,0.0015930787630490766,0.001185260868416227,0.0009176440914574704,0.0009206875676978426,0.0006796310140230071,0.0012997110585937174,0.0011486630676621117,0.0006680440671948076,0.0009473999993723013,0.0007790649168639799,0.0007313499804773355,0.0006847042721722945,0.001596197267734195,0.0011502485468473467,0.0009010631132578503,0.0008467267549142966,0.0010131361827734166,0.0006743309980735743,0.0008748793851638288,0.0012660430601531202,0.0019412728705888232,0.0007792497509052154,0.0020197602105204654,0.0010138270320610853,0.001167939188440552,0.0007996398004085553,0.0008213412266518358,0.0007652961242548128,0.0011291574817555536,0.0008764668678537473,0.001986012221536721,0.0005861920076608308,0.0013195687102395522,0.0009299318953112877,0.0008951822905635952,0.0013129808800039244,0.0007524432469088849,0.0013293707342953828,0.0010914119667919395,0.0015252480523298914,0.001134446238814743,0.0006369872452800611,0.002469278577084998,0.0012858134915570058,0.0006023852347330983,0.001688990824924853,0.000803582018522566,0.0006364269726557947,0.0012681876026735782,0.000987087756493016,0.0013277135588700458,0.001267708931758561,0.0021398980912942936,0.0009998629578084446,0.0008712156934132445,0.0008921361845896334,0.0009562233960080112,0.001587871822795357,0.0009211794057945252,0.0010165630407021908,0.0015202361318225725,0.0008756580638514499,0.0008061316076970473,0.0007030118059330479,0.0008275735095323086,0.0015609167588669433,0.0010645793247793718,0.0021466462037919532,0.0007240617037353265,0.0009829717878229853,0.0012461657801974156,0.0017491456313276689,0.0009032210446429924,0.0011583652225722152,9.016534066384793e-06,1.6082004425116113e-07,0.004415422093254656,0.002265590441317894,0.0005094116557491406,-0.000327901670628,,,,,,,,0.3229006187644029,7.386069094834721e-14,0.21203956608327548,0.4519052407042344,4.980128525170551e-79;7.386069094834637e-14,x,0.0011791088631677204;0.004415422093254656,0.36502442871954155,6.828389331882379e-16,0.2419403623374914,0.4997145940300216,9.514207203398307e-81;6.828389331882473e-16,locus_9611076_chr14_363863_C_T,0.0010814886983952464;-0.026097414544949925,,,,,NA,NA,NA,0.038072484047737,0.018268484231804334,0.0007718659442134375,0.12767648241281357,0.3487517776994865;0.018268484231804688,x,2.6710942544720546e-05;0.0012081529069173415,0.41035881401627894,3.953925570537541e-17,0.3040383732387858,0.5436396356041033,1.7960943069142297e-76;0.0011583652225721996;9.016534066385013e-06,x;locus_9611076_chr14_363863_C_T,0.0011315784310453293;0.002265590441317894;-0.017493089779133837,,,,,,,,,,,,,,,chr14_363863;chr14_354459;chr14_369031,,chr14_363863;chr14_354459;chr14_369031
skew,-1.3807942345962605,-1.3057984443143869,-0.6083077081197282,-0.8891527624662037,-0.5713656885454736,-1.5858266949224624,-0.9738421355847703,-0.33207484832126705,-0.4804127636750391,-1.0161887968713519,-0.7268667934804656,-0.43621506725975556,-1.0024781184021927,0.08636992291479698,-0.688820595906319,-0.1772331384593819,-0.29846973624447565,-0.7287985982049532,-0.8016450908360868,-1.0763329667788002,-0.3312927066328486,-1.2783850359588762,-0.4696514000239042,-0.27448207742121555,-0.8581594246017638,0.6927853002659569,-1.6365056831124756,0.050892316952203025,-0.8043446744727308,-1.4605946833075711,-0.33653824652554165,-1.2070601619335837,0.15349842947987782,-0.9922065511841486,-1.3521348235678348,-0.2587935383839135,-0.23360625271935267,-0.9117423229329947,-1.6434693179570674,-1.0749656622877908,0.507992872248072,-0.6373381403609937,-0.9718999727807897,-0.12282285626110674,-1.3484741696228952,-0.3124530962096332,-1.5068219871607975,-1.3133140299405517,-0.7054480682781843,-1.6383732094352363,-1.6794716735241084,-1.6258592065061475,-0.5183940953376933,-1.3626272160678452,-1.267903479012691,-1.2107204564385747,-0.8895362843348461,-1.0290089249447854,-1.4941790925958263,0.2697027234241478,-1.2688737770584129,-0.6745816059966091,-2.2929008569635583,-1.0000627680631813,-0.9343589571489257,-1.0144908248174425,-0.9762066189267535,-1.8098173814534328,-1.0774781665996735,-0.13347519437367916,0.6475521289915707,-1.3263642562605866,-0.6396516174199215,-1.3455248083599318,-1.0367284453727,-0.292040019696258,-0.8202377831139769,-0.6412869829908072,-1.1078816454347384,-1.295330524251549,-0.3863273856695692,-1.324961081096925,-0.17237587465665113,0.12041662362711239,-0.333176550564716,-0.9968432586583178,-1.1822623826215706,-0.5295819979273212,0.1014075056506243,-1.1402337119916863,-0.16955614867011892,-1.1296298050370517,-1.2713844286636022,-1.0123871531914514,-0.5625644893739324,-1.1969908255493638,-0.9478042258244855,-0.25040693737594655,-0.20869075289209274,-0.3788306814151995,-1.6829466081356568,-1.197434574535087,-0.777412526701929,-2.0392790670421506,-0.6841770728822404,-0.19479264654762848,-0.40858603284684425,-0.46028900159198644,-1.9386369760555349,-0.5065118885918611,-1.0321889664989745,-0.6611343942530599,-1.5411116597169408,-0.8423627291737804,-0.08768102239291284,-1.2833148360232705,-1.193557302452447,-0.35739183888228054,-0.7044487713846593,-0.14026549957153467,-0.19725941705970815,-0.9516269274956017,-0.4782630191289402,-0.9407650908303263,-0.5991977265111114,-2.2482496629875155,-0.6572131705660542,-0.6398103901278706,-0.5495414191858402,-0.9426482260871173,-1.371475416343964,-0.8835071107869431,-0.1921926497872185,-1.3834098779914208,-0.4335778638930705,-0.4249078567768289,-0.4599451098305722,-0.4691522111984306,-1.2620520696564013,-0.5904465111756232,-1.4366933729310216,-1.001607734472305,-0.7637637024367437,-1.2263069387693295,-1.3382117409342724,-0.4284706540797235,0.0001468492649013919,0.10813054399976833,0.30292065411708635,-5.6899931604919525,-4.351400310409671,-0.9784001541177438,0.188294570316,,,,,,,,0.28468147316676273,4.088895290612011e-12,0.17395037519364231,0.4060586170813164,8.634783380594916e-49;4.088895290612032e-12,x,-0.9456194314208584;-5.6899931604919525,0.22276089650994046,1.812134939091713e-09,0.11541177837619206,0.36318602459169647,4.957257139899193e-44;1.8121349390917076e-09,locus_9615398_chr14_368185_C_T,-0.8198198910484809;27.980170209453,,,,,NA,NA,NA,0.04319242122940381,0.01183066178521486,0.00394943069697006,0.11854089217365979,0.3170768909302507;0.011830661785214807,x,-0.04319968182046183;-1.9539490634564196,0.2975223940875982,1.0819884112275422e-11,0.18531187289241555,0.4498190440256529,2.7572510535423908e-43;0.00014684926490139095;0.10813054399976986,x;locus_9615398_chr14_368185_C_T,-0.9160246040570346;-4.351400310409671;10.025057203200031,,,,,,,,,,,,,,,chr14_368185;chr14_354459;chr14_402771,,chr14_368185;chr14_354459;chr14_402771
kurtosis,3.338146526936262,2.1942187628887977,0.4708645838105956,0.14872932772949987,2.036162069385406,3.283587952309798,2.7938528231163975,-0.14712687498643806,0.6252224906586115,0.29358791301220055,3.1695833677787855,0.06979754983543707,1.180842546515068,0.18089908070272198,-0.02755805469496231,0.37292933927054417,0.3508832136778466,-0.10485703141163638,2.855263391114539,1.7222092720388753,0.1170954561770241,1.3661044485665759,0.20959813370749814,0.2387860695635169,1.3949335676439487,1.3726160268758605,3.1031950580353875,0.4298027437914609,1.9944624109131874,2.7703105429115302,0.9554169773918879,1.168986049915846,0.0422417868590399,0.5726135171783922,3.2302575705781376,-0.10003553046226488,0.5782377403790604,2.8154916866278947,4.663677639710511,2.792674416511554,0.8602570299282166,-0.6781161459964222,3.096470412015753,-0.019540908167495985,2.416401868940567,0.11517607679039221,4.959012529007934,3.05902731801676,0.8867819062759934,4.605935877132053,3.7740519436979643,2.339150070611832,0.22074673293157154,2.639389201683387,1.204113117582084,1.9210643400049863,0.8185195421767184,0.1583126227933973,1.6185270336879096,0.6741032426601663,0.9864300887179542,0.40061052799768815,7.269525628200146,0.6319299604460311,1.3972816860570978,0.6483506277449558,1.3016773201626624,3.465281482300419,0.98464014059999,0.2979044100327011,0.7245447877666034,3.3518508157690103,0.665724193456644,2.215178963293021,1.4053272163832542,-0.31405189027432545,1.055250842670457,0.5352129689541592,1.4215922647637367,1.3826055396265504,0.9053159297656599,1.3703080676519788,0.3095023941995896,-0.006029975940982979,2.0244002585035314,1.4589158593425822,1.5489833354905844,0.05912148477658796,0.5458269726310934,1.1292607131142773,-0.44443019445632137,2.001578347129418,2.338049213790347,0.7635917198998441,1.35217835699014,1.0404059013053164,2.138431608721679,1.4195603289581644,1.2666295954153908,1.429777163304581,4.210201798277017,1.173263648684177,0.6777357731718161,5.376051970973826,-0.059430941604319276,0.35993755543774864,0.7856331518486699,0.4894340791046923,5.480999449806623,0.8665698663635002,0.9680308864549221,0.6940949977274968,3.131701718064951,1.6446886671277499,0.5450261622954575,1.0854852241869057,1.4070170627128826,2.2933494091187523,-0.3416864329350293,1.0279831145203202,0.040813446673662934,0.33189701309709196,-0.045320867278377364,1.0638747011809357,0.043918044398913114,6.957973949600403,2.067773441791261,0.2281583175212467,0.693334662704002,1.0373249570255458,1.570852372224829,0.6232964212002519,-0.2612852089068993,1.4205243549219322,-0.18016795877893355,-0.3033100169688163,-0.08031350392164205,0.15964592257046606,1.6288842320811137,1.71486867860426,1.4346556413821476,0.5298825838401187,2.2572454634270533,1.3163282117079556,1.717511051915742,-0.4181682588686124,0.09793271703575498,,2.002432232591299,3.7699583532221173,3.7699583532221173,0.8476645609888123,,,,,,,,,0.018905139204192456,0.09793271703575498,0.00011006792611299166,0.08168904877995828,8.126577564689663e-22;0.09793271703575485,x,1.4466210208484978;3.7699583532221173,,,,,NA,NA,NA,,,,,NA,NA,NA,0.018905139204192456,0.09793271703575498,0.0001255617296302053,0.07613573853058851,8.126577564689663e-22;0.09793271703575485,x,1.4466210208484978;3.7699583532221173,0.018905139204192456,0.09793271703575498,0.00011523412542623904,0.08090346373647814,8.126577564689663e-22;0.09793271703575485,x,1.4466210208484978;3.7699583532221173,,,,,,,,,,,,,,,,,
significant.beneficial.mutations,10.0,1.0,10.0,3.0,17.0,4.0,19.0,17.0,7.0,2.0,11.0,4.0,13.0,11.0,7.0,6.0,10.0,6.0,9.0,9.0,20.0,6.0,21.0,18.0,17.0,17.0,9.0,7.0,13.0,2.0,11.0,7.0,16.0,4.0,3.0,9.0,5.0,16.0,14.0,6.0,17.0,0.0,14.0,21.0,5.0,10.0,4.0,19.0,12.0,14.0,14.0,3.0,6.0,7.0,2.0,3.0,13.0,4.0,2.0,11.0,4.0,12.0,3.0,4.0,13.0,2.0,6.0,5.0,2.0,12.0,10.0,22.0,19.0,6.0,7.0,5.0,5.0,17.0,5.0,11.0,14.0,2.0,11.0,11.0,22.0,7.0,3.0,6.0,18.0,6.0,17.0,13.0,5.0,7.0,7.0,6.0,14.0,13.0,14.0,13.0,0.0,6.0,6.0,6.0,5.0,16.0,9.0,4.0,5.0,18.0,6.0,5.0,4.0,14.0,11.0,8.0,2.0,10.0,3.0,11.0,13.0,7.0,16.0,12.0,5.0,10.0,10.0,6.0,13.0,7.0,6.0,5.0,5.0,6.0,14.0,12.0,9.0,6.0,7.0,10.0,2.0,3.0,13.0,8.0,3.0,10.0,5.659759817207569e-06,1.856224395811081e-09,27.70763745543254,-70.61014609711174,-36.033407628674894,-8.102010631599152,5.08255978506,,,,,,,,0.479291056855631,3.7443228269880784e-22,0.37753432889735217,0.5798451585040657,1.8348821563876116e-47;3.7443228269881456e-22,x,7.507379863885276;-70.61014609711174,0.5330143467766852,1.3993341084914929e-25,0.44014991484910904,0.6348206310591857,2.858254920245075e-64;1.3993341084914892e-25,locus_9649106_chr14_401893_C_T,9.068493150684933;413.9383156622931,,,,,NA,NA,NA,0.06777435571524737,0.0015060885766367972,0.014645227738238707,0.14704164178194581,0.20468232900708577;0.0015060885766368082,x,-0.40116148042620575;-18.14478871004779,0.5958668176406607,7.35364258214629e-29,0.5249958044052828,0.6765063026054985,1.1290053700933555e-54;5.659759817207566e-06;1.8562243958110862e-09,x;locus_9649106_chr14_401893_C_T,8.271833824411523;-36.033407628674894;272.8016656234453,,,,,,,,,,,,,,,chr14_401893;chr14_371959;chr14_406755,,chr14_401893;chr14_371959;chr14_406755
significant.deleterious.mutations,33.0,36.0,35.0,36.0,25.0,38.0,17.0,23.0,33.0,48.0,11.0,17.0,34.0,12.0,38.0,47.0,35.0,29.0,32.0,12.0,40.0,48.0,9.0,38.0,43.0,23.0,40.0,22.0,4.0,54.0,32.0,29.0,22.0,24.0,35.0,20.0,5.0,20.0,43.0,22.0,7.0,31.0,24.0,24.0,13.0,29.0,38.0,30.0,40.0,43.0,25.0,34.0,44.0,24.0,47.0,40.0,18.0,41.0,25.0,13.0,46.0,21.0,19.0,39.0,22.0,37.0,29.0,14.0,42.0,8.0,30.0,24.0,26.0,56.0,42.0,49.0,28.0,17.0,47.0,25.0,7.0,33.0,41.0,34.0,16.0,50.0,44.0,34.0,29.0,22.0,15.0,14.0,22.0,45.0,31.0,39.0,30.0,34.0,17.0,29.0,37.0,23.0,28.0,42.0,45.0,25.0,30.0,34.0,52.0,24.0,24.0,38.0,27.0,34.0,22.0,28.0,37.0,36.0,50.0,23.0,6.0,42.0,46.0,15.0,21.0,31.0,21.0,15.0,35.0,41.0,37.0,37.0,36.0,55.0,18.0,37.0,42.0,31.0,33.0,22.0,49.0,39.0,31.0,44.0,36.0,44.0,0.02815705899833856,2.0562895014265031e-10,135.9172452617752,93.6100244107501,38.53348564841694,8.664146161619305,-9.53619188559;-8.14283632254,,,,,,,,0.17172548633246731,1.9943604376005395e-07,0.0710636657241522,0.31720793836744504,8.19976805781821e-71;1.9943604376005236e-07,x,32.78194426804969;93.6100244107501,0.3740676084537191,2.8295084740774737e-15,0.24730947256586083,0.5358428567374444,2.8549614679921344e-79;5.780576204119042e-12;9.824625417906577e-07,locus_9664636_chr14_417423_C_T;locus_1422730_chr04_62727_T_C,30.71232876712329;-624.4927076794979;-425.40110815565635,,,,,NA,NA,NA,0.024110012411890258,0.06128649907357926,0.00015399268701909443,0.11477545721732797,0.45885836297017435;0.0612864990735787,x,0.6135284711829343;27.750282667682175,0.39502299832913956,1.9350221000878488e-15,0.2674948031009922,0.5514232301967967,7.710444909549608e-75;0.028157058998338754;3.8009532103578104e-07;1.833667127308297e-06,x;locus_9664636_chr14_417423_C_T;locus_1422730_chr04_62727_T_C,31.564262090554102;38.53348564841694;-512.8123362061281;-409.78476322948353,,,,,,,,,,,,,,,chr14_417423;chr14_371959;chr14_442392|chr04_62727;chr03_299642;chr04_107198,,chr14_417423;chr14_371959;chr14_442392|chr04_62727;chr03_299642;chr04_107198
mean.sub.low,-0.02861244361430839,-0.04731024351129936,-0.03067798799630646,-0.04229965516615279,-0.01773141829119725,-0.034254758509273654,-0.01695902236663943,-0.016516912204455718,-0.023071998320056356,-0.05329376327044208,-0.014035433865217089,-0.0186138981967585,-0.028028737133042728,-0.01934032158290683,-0.03399323904081275,-0.02688877801819324,-0.022504660861858435,-0.046169771949318296,-0.022868004175400795,-0.01700224047802366,-0.021933630931272666,-0.048876536603876274,-0.010028438580289116,-0.019587264332543975,-0.022831539657231247,-0.011882810232839179,-0.04011620198380449,-0.02783525584588657,-0.009782306696621395,-0.05015734229233929,-0.01781041569554563,-0.04289292332096877,-0.015205388302424423,-0.030362471267064754,-0.034610672400184866,-0.01891670090229056,-0.015248575297128813,-0.01773892536741652,-0.03024880302888653,-0.0209226599860157,-0.0033433855913589166,-0.048170024088908386,-0.021215976451522577,-0.011275994137718097,-0.0243014965346491,-0.024899015846857064,-0.02378246599932381,-0.020071369464316396,-0.027917272942392067,-0.02633383919332876,-0.020755454435923002,-0.037372469599873843,-0.04085335576758057,-0.03705814813209525,-0.04617729942203789,-0.04389207278489331,-0.01963728184434286,-0.04274701856763152,-0.0451197487893081,-0.013541693050084415,-0.042364154353892,-0.025075555106217395,-0.03486789848295716,-0.032683437203416016,-0.024684173444604593,-0.04972827268187622,-0.02496481611621159,-0.0430136140777795,-0.05069446700236928,-0.010537061239927934,-0.02241978810603207,-0.019130347338471076,-0.021259837168717814,-0.047361099084266514,-0.03918746474939824,-0.04152224600697574,-0.034011970564437305,-0.015336766263529896,-0.04146240188932345,-0.02967523996917866,-0.01492226074680245,-0.03517033549329603,-0.020814012801323917,-0.022174268606133567,-0.012023919358270426,-0.04450781227593584,-0.03907037802239998,-0.03553886795535398,-0.013702825314230956,-0.03202961958698825,-0.013991655008306353,-0.022083107231660966,-0.03362124800325153,-0.04775393109617492,-0.025369376845776788,-0.05032356607918817,-0.023894815585855166,-0.026522831021437456,-0.014157940582845766,-0.022481487678088326,-0.03748487703567808,-0.03341192216685304,-0.02991870776061058,-0.046198343485288756,-0.03344618166477969,-0.02185809472169203,-0.026002818338946642,-0.035119848670881464,-0.042722337416734424,-0.013380005372683402,-0.039691608120948726,-0.03571511737549817,-0.039757789330824585,-0.01828613485747919,-0.015781749070818706,-0.04763273533217159,-0.03931051337270355,-0.018529903184816735,-0.05176320823881615,-0.018109195518947668,-0.011267742980404,-0.03953506968106372,-0.026344864532745337,-0.027858109322790904,-0.03525257762027413,-0.03501131348144893,-0.018107980454702192,-0.02222989448702066,-0.02556747449021946,-0.03411385535433126,-0.04418580936972286,-0.03184411542211829,-0.038536457455222196,-0.044802802837912534,-0.016622882900845647,-0.022879043232068692,-0.024921082852435057,-0.026694664704262867,-0.04585059149788965,-0.02247666184755216,-0.054081896152823196,-0.03548174935068804,-0.02477129468886363,-0.0397121119926327,-0.047990461256048556,-0.033002274782309056,,,,,,,,,,,,,,,,,,,,,,,,,,,,,,,,,,,,,,,,,,,,,,,,,,,,,,,,,,,,,,,,,,
mean.sub.high,-0.01384968270540403,-0.029217889276221203,-0.014908235447216424,-0.024409078799259055,-0.005564699412665788,-0.01955451917375801,-0.0035005744429085794,-0.0045079470341232945,-0.010242515887818071,-0.034605440401615485,0.0003401359115262475,-0.008174778846905971,-0.012606260786284467,-0.0032160386115126244,-0.018145879805361604,-0.014937326277673552,-0.009433620934016031,-0.02437665836454688,-0.011070136633230861,-0.0031829506416148237,-0.007556280824520333,-0.027387898328328306,0.002978298424251162,-0.006973866072063128,-0.010924706172340782,0.0015655990972679847,-0.021856674740931503,-0.011883242113650175,0.0028798680048733247,-0.03297471464732327,-0.007025326761341651,-0.023170485646779215,-0.0028751910282222358,-0.017712968303929735,-0.021767230914843904,-0.006877025033326502,-0.0025101369268341073,-0.004382426754631837,-0.013042570829454954,-0.008251787204162732,0.012740547142034223,-0.032779360612769225,-0.007286619154169023,5.03334775387191e-05,-0.006840902854389626,-0.010855280166366802,-0.011889071795007443,-0.005793477406871454,-0.011889950809602843,-0.010258762409420344,-0.005414628173520934,-0.01938483932209899,-0.026410457947994175,-0.017815295693384015,-0.02982909781290571,-0.02729971319550693,-0.006112776490641966,-0.026123740557032146,-0.02330976095989203,-0.002065276809617827,-0.025030109250470403,-0.010146066852626243,-0.01411897278909702,-0.019706020509062908,-0.00966327858571656,-0.03212791281301755,-0.012238319172503148,-0.01952809540671664,-0.03227222046738652,0.0017994282802972004,-0.006385650351493413,-0.004085295891763989,-0.007897509637775486,-0.027877576659885016,-0.02270420422810644,-0.028432178268768787,-0.01849071636389649,-0.0031386206213239167,-0.025436689888581773,-0.011490980430242445,-0.002899841592523806,-0.020094569315684162,-0.009209548267665216,-0.00816613842408596,-0.00016212093030171316,-0.02643593566336048,-0.022502487719012854,-0.020873703965657478,-0.000764613282189228,-0.014842104660051012,-0.0022286361649188893,-0.008477053874910429,-0.018198140439287146,-0.027536163083785224,-0.011292976250856714,-0.029094744575322094,-0.00938980395380076,-0.01072944599783651,-0.0003531879527575138,-0.009790527555574309,-0.023942902202542624,-0.016627051041733603,-0.012816156228714999,-0.02560057383049674,-0.02145466810553869,-0.004437606547063193,-0.012339666377391072,-0.019805427821482424,-0.025078877297695493,-0.001518226357890425,-0.020689459182049317,-0.019958926426912868,-0.018892102254784333,-0.002191407465770698,-0.002485633086935393,-0.024373791110489106,-0.022242848841322608,-0.007700640479541741,-0.03414434256154406,-0.004778203306305301,0.001647053141439611,-0.02251852020751193,-0.012325189346978028,-0.011429258013405788,-0.018832501943742527,-0.012961619765656738,-0.0028337476375959133,-0.008237338564358553,-0.012470877080283086,-0.019946147197117164,-0.02537950060934685,-0.016295424548975132,-0.022401257336065558,-0.026629960197310572,-0.0031850207328579967,-0.010253504584728844,-0.013861623457347406,-0.012356864693445027,-0.027965273190451334,-0.00881198808272468,-0.03279669227131216,-0.02168279750332647,-0.009648652810951844,-0.022051727511364277,-0.030420731309488344,-0.01870383575287428,,,,,,,,,,,,,,,,,,,,,,,,,,,,,,,,,,,,,,,,,,,,,,,,,,,,,,,,,,,,,,,,,,
median.sub.low,-0.022192385149,-0.0428354139976625,-0.0279375859995,-0.03505970485485,-0.016512477812700002,-0.025414419887547498,-0.015978893055499998,-0.013699021431635,-0.022256959598,-0.04696296320785,-0.010614976177399999,-0.0161630590047,-0.0222624003228,-0.020127047000745,-0.034732148031099995,-0.0268807842969,-0.0209815312783,-0.0482752996126,-0.019993379969400003,-0.012291231487,-0.0205806832436,-0.03655619190042376,-0.011760941698774998,-0.0163524754716,-0.016865703928200002,-0.012824022124995,-0.0317131349979,-0.023549611762200003,-0.00708445192187,-0.0469590732545,-0.0156972610604,-0.0337879272311,-0.01513908022655,-0.0233295947390275,-0.032848201483900004,-0.0150707253023,-0.014402811142098747,-0.017564427631600002,-0.02374582139486,-0.0141845135885,0.00019604381293377506,-0.0477939283401,-0.018800641728,-0.012858106811600002,-0.0169570442925,-0.0206139340157,-0.0201119853569,-0.01566802295525,-0.020086720562550002,-0.0172066849343,-0.0146669816157,-0.0247519556879,-0.0380213117939,-0.02568958046135,-0.03849615944,-0.034815888408699994,-0.0135478417292,-0.033451623911000004,-0.0309357742408,-0.0148080569217,-0.02967803058845,-0.017633062721,-0.023658000268899998,-0.029106347302599995,-0.0222224939116,-0.0484099447507,-0.0188639841088,-0.029952491958953747,-0.0463327319271,-0.00996390406997,-0.023506711510149998,-0.0167604089944,-0.0181080784976,-0.039106084589435,-0.0350416825284,-0.040996327279031256,-0.0349220631481,-0.012164511014860001,-0.0356822423591,-0.0206885139779,-0.010035017680225002,-0.0272289878369,-0.0197490601508,-0.021336913109991248,-0.011742266276099998,-0.04010119104225,-0.035581424378400006,-0.0320832210168,-0.015138644578093748,-0.027027136291300005,-0.01355324974705,-0.0166839918996,-0.026952122101,-0.0446919084439,-0.024366290484800004,-0.0385467167176,-0.02108341444535,-0.024138926079300002,-0.0147425569464,-0.016940406637,-0.034007813536299995,-0.025114784769200003,-0.02242725433832,-0.0337734262527,-0.032390105225,-0.0194991033745,-0.0207355249699,-0.0299647420067,-0.034085579740650004,-0.01374843930883125,-0.0336987370427,-0.03191534545142,-0.028437191478869993,-0.014707081270600001,-0.015092129997399999,-0.0334366755403,-0.029548253212541252,-0.0172161273003,-0.045402722333300005,-0.01597165425020375,-0.00866315569993,-0.031692108719849996,-0.0212241369308475,-0.0196051283127,-0.031801754191,-0.0206065674694,-0.0134321879877,-0.0231239702248,-0.0259430231577,-0.030981043116849998,-0.035361983656000004,-0.026020159878349998,-0.042236611051500006,-0.02963396876425,-0.0151206435342,-0.02213243185755,-0.0239694061584,-0.021663902263199995,-0.0390557496396,-0.017434434583,-0.0408694481748,-0.0338160799675,-0.0237902595822,-0.0330318266888,-0.0386187150209,-0.0288220363045,,,,,,,,,,,,,,,,,,,,,,,,,,,,,,,,,,,,,,,,,,,,,,,,,,,,,,,,,,,,,,,,,,
median.sub.high,-0.00847835470201,-0.016465287365921247,-0.00876176512622,-0.01520042754255,-0.00559053199694,-0.01206979633815,-0.00200829269386,-0.004060147746902758,-0.0048496869333,-0.0202217998387,0.000264041903178,-0.0047437040683,-0.006981215445317251,-0.0028829819661058747,-0.011041582664655018,-0.0129946273033,-0.009760516226119514,-0.015663060640849998,-0.00904778514193,-0.0006553026414880001,-0.00268755550358,-0.017043067720760006,0.00732110035406,-0.00661173412916,-0.00727841133425,-0.0018573136734,-0.0117640634961,-0.0112447320205,0.00409146862504,-0.0204280280851,-0.0059558320020800005,-0.009933002213462262,-0.00137675467954,-0.01497432045555,-0.015815061276100002,-0.00442333500456,-0.0022362237143550004,-0.0024082598356345002,-0.00671304655044,-0.00905182760358,0.0137189822859,-0.01963255818595,-0.002654975244719503,-0.00115825002176,-0.00186014780314,-0.00664690585036,-0.00829688329006,-0.0031713020342149997,-0.007064185595959999,-0.00512980197819,-0.000675758200261,-0.0127092142847,-0.0233661154488,-0.009147154050595,-0.021745690784466254,-0.0181590900812,-0.002164457606115,-0.0150476136825,-0.0133067298749,-0.001168414757634,-0.0143024125754,-0.00690351913013,-0.00805296258808,-0.0133660521962,-0.00667257389832,-0.0166779172523,-0.009247026799610002,-0.00843746558052325,-0.0217561298718,0.00241477050531,-0.006549023999065,-0.0032173381748800004,-0.007030963598720001,-0.0201269816158,-0.0157990302912,-0.02251668338935,-0.014189905734299997,-0.00020042941458249994,-0.02061844254865,-0.0046471654122100005,-0.0029083210588249997,-0.0101721626808,-0.00466633192337,-0.007099615745264999,0.0013264123362699937,-0.018717067369588756,-0.01396084942178875,-0.016186535064550003,-0.0026549880543100444,-0.008057832570635,-0.001449689694892,-0.005867014123265514,-0.0109703305769,-0.0167965697968,-0.008314777670060001,-0.0167828717483,-0.005542109933995001,-0.00954312147707,0.00243447615846,-0.00759906951916,-0.0170131121706,-0.00959595891991,-0.00780761668139,-0.0158000164412,-0.014640734353300003,0.000279570090227,-0.00845710029255,-0.0157687524061,-0.019097624366530015,0.00036191967941250026,-0.0115320618277,-0.012651418148167502,-0.0098552176022,-0.00039781763160900004,-0.00096486320511,-0.01195421674875,-0.0159986896609,-0.00645149804795,-0.0180612851945,-0.000855895664371,0.0044885114588,-0.014358037254600001,-0.0055822647743699995,-0.00512515390809,-0.0138002465065,-0.007716295476444516,-0.0016462262860700001,-0.0012108022893,-0.011361378747167528,-0.013759092803836257,-0.0170861476583,-0.007129367757440001,-0.0147141605504,-0.014767424317,5.19844407378e-05,-0.007236451169715,-0.008328116868630001,-0.00855258431702,-0.0141549323713,-0.00358690291798,-0.0182901027967,-0.016223319866499997,-0.0104222179653,-0.0165429246483,-0.0186200118259,-0.01353725878970502,,,,,,,,,,,,,,,,,,,,,,,,,,,,,,,,,,,,,,,,,,,,,,,,,,,,,,,,,,,,,,,,,,
variance.sub.low,0.00046584821763331874,0.0008563545146827989,0.0006868465199107147,0.0007207012299481295,0.00036730462737348866,0.0004589618822383614,0.0005152139286681782,0.0005169919079435536,0.0005362723860007283,0.0010953660354214344,0.000449718825997979,0.00021340539710949262,0.0006380984580971887,0.0005190409464374183,0.0006477758729235039,0.0004710120173150354,0.00037504164364587364,0.0008711836335694326,0.00040679878985360536,0.0003460482626368988,0.0006976274614108321,0.0010778900751659197,0.0004732433712381869,0.0004998623429413288,0.00044221618987160677,0.0003689113067848358,0.0006730472904705228,0.0004727710780076102,0.0002688460507201071,0.0008039153664820574,0.0003104389061344689,0.0007921902716114976,0.000498338511460914,0.00033203507884468875,0.00034912568934495887,0.00039648229930072123,0.00032319356427607985,0.0005163975883925311,0.0006804483257221327,0.00034593467905974566,0.000444280975201961,0.0007128888315797143,0.0004954505656276289,0.00042640153486887274,0.0004533790557690775,0.0005751402049794636,0.0002803685751961789,0.0004158271354928152,0.000731586151693824,0.0005626974099506581,0.0004280223670296622,0.0005601903785302473,0.000724371811826282,0.0008473053285706261,0.0006588089690552685,0.0006868620113299042,0.0005840122164483506,0.0008716958048240589,0.0009295392525769912,0.00037555025329723377,0.0008314259372398336,0.00073991898593036,0.000464922780856375,0.0005042292164651263,0.0006487696124653874,0.0010974560518365753,0.00043899050620068244,0.0007417417856308867,0.0010035558301241798,0.0004418220987969838,0.0006318472846884845,0.0005229951145397036,0.0005331930293860821,0.0008570285911467915,0.0006527814755810282,0.0006482605574959471,0.0005383788430055952,0.0004237897348304309,0.0007267647579933912,0.0005198771231231371,0.0004114146846443796,0.0005186327452645451,0.0005219864203623675,0.0004331476849656633,0.0003763667710718819,0.0008789733125814871,0.0006107082747082049,0.0005628619193464949,0.000538465100508264,0.0005235201849823845,0.00046333216755507463,0.00048720142589199646,0.0006829986454301101,0.00108716607494939,0.0004127025833862186,0.0011643467802088209,0.0005632183569356215,0.0006378108254562442,0.00042632142286296975,0.0004575940952703954,0.0003306526233928037,0.0006043351696598994,0.0004568827317434832,0.0008439754693078493,0.00037059868984119234,0.0008232678084353352,0.0005505944490392568,0.0005292951246071166,0.0005685493892602596,0.0004666055276828304,0.0007435929924783644,0.000663710886446045,0.0006292276492491528,0.0006787665268908311,0.0003703947172890132,0.001213187655983676,0.0007072466971271142,0.00034263373078361495,0.0012009106185161542,0.00047551757329489697,0.000412172859355644,0.0007742897292503323,0.0006626864169914638,0.0007895097784057372,0.0008104714496497792,0.0007510478050990778,0.0004978357032327015,0.0005323121838069666,0.0005420825677011531,0.0005734817038317707,0.0007845468457786663,0.0005406872799883083,0.0006725922574403763,0.0008077277428985249,0.000610131470297995,0.0005610227660341437,0.0004742930284447766,0.0005160719449172082,0.0008700641409303765,0.0006207546030304598,0.0011211935301997853,0.00042054140454463257,0.0004941405510460549,0.0006470742215484319,0.000931030861863045,0.000620305961451159,,,,,,,,,,,,,,,,,,,,,,,,,,,,,,,,,,,,,,,,,,,,,,,,,,,,,,,,,,,,,,,,,,
variance.sub.high,0.0013245991225615324,0.0020766615148412578,0.001575642914357479,0.0015501690373492336,0.000932939232366705,0.001381304633632333,0.0014316804614485266,0.0009867598659884975,0.001124563485354446,0.0023860705966046005,0.001279467138185273,0.0004820541417205023,0.0016095437999680598,0.0012814032954500559,0.0013748815691333996,0.0009826804818271711,0.000890581915527978,0.002029822002477961,0.000988834626988976,0.0009925750730032318,0.0014385330120380497,0.002818429676767268,0.0010079179819446,0.0010171950098912554,0.0010030866092636038,0.0009965719140642832,0.0022932633620853776,0.001194889994731114,0.0008404118121014543,0.002191114523883957,0.0007201769650077278,0.0022324276685086017,0.0010091155583130964,0.0008506205950790831,0.0010350282972917256,0.0007991791351095466,0.0008169424778847828,0.001361803978722078,0.0022043562627951244,0.0011173310825128044,0.001238975119116024,0.001286517914361898,0.0014630502953453758,0.0008495774556034386,0.001581170096545128,0.0012025538630538592,0.0009752911733563256,0.0013220846856905055,0.0016807143503174836,0.001861253589429383,0.0015866248573542603,0.0018768813308364667,0.0014142789337384567,0.0025278442779585546,0.0018045702937777256,0.0015713634487467926,0.0012886929084599292,0.001816825139919887,0.0027394039195426257,0.0008071522035006371,0.001970736076352629,0.0014587798719775567,0.0023393864727952562,0.001125785916526303,0.0015692753167536753,0.0022974402155599744,0.0009930562928240922,0.003227518977168024,0.0023014204333694425,0.0009563598069616199,0.0014319429188424987,0.0016251200935489538,0.0011283789735549398,0.0022191522670615684,0.0016662484167085565,0.0011670989255403732,0.0012697591948798099,0.000904315858666593,0.0017856327813504437,0.0016689230431688816,0.0009214255035183015,0.0013145418763683598,0.001011002075203172,0.0009801877669651927,0.0009931939110993107,0.0022298460881034895,0.0016427313902829452,0.0012136412977393953,0.001111856150056588,0.0014346394775621163,0.0008634060948767733,0.0012263492013438358,0.0018085431406609535,0.002597432831566457,0.001115478505163147,0.0027762080321871016,0.001431086111622369,0.0016458169778059317,0.0011177513134940302,0.0011270668747799906,0.0011632020984921466,0.001587470223562674,0.001244245674886928,0.0030162790324904207,0.0007676292235906807,0.0018100007426546205,0.0012601465725199815,0.0012444703411430428,0.0020059209394197542,0.001005279927257609,0.0018600048790702126,0.001490906461943355,0.002308573343449707,0.0015413925914136528,0.0009131704251378163,0.0034178743731446944,0.0017976814592396972,0.0008863274445243754,0.0021257813508555475,0.0011341717538124363,0.0008465361739326025,0.0016760518974890354,0.001256080337989011,0.0018165506350549924,0.0016682030106744646,0.003396071125172675,0.001441756855292486,0.001169047546260752,0.0012112430233350191,0.0012922717034165613,0.002238417083098612,0.0012199725314499278,0.0013356560969719257,0.0021057617113338202,0.0011084265175445973,0.0010273413158455788,0.0009040642694558911,0.0011125368222790566,0.002125866821750257,0.001484414371906424,0.0029457245421180282,0.0009812525459678308,0.001451385646107196,0.0017801498125491189,0.0024329023955262934,0.0011599998295240255,,,,,,,,,,,,,,,,,,,,,,,,,,,,,,,,,,,,,,,,,,,,,,,,,,,,,,,,,,,,,,,,,,
skew.sub.low,-2.1387139165969575,-1.9879531940453739,-1.224674099007883,-1.3101753911380547,-1.5274989792000435,-2.295105477596149,-1.641183766403024,-0.7149527032070295,-1.1372845731152135,-1.474664198913315,-1.7676676460221734,-1.024761059876033,-1.5215474663608217,-0.6442449733858704,-1.269539413890741,-0.8891819149363226,-0.8826076743603349,-1.232691978572345,-1.7764681625679584,-1.5940905690307905,-0.7555868851458305,-1.8568543388513352,-0.8856955632828162,-0.7597858217372604,-1.5507822621124723,-0.5015746032942888,-2.353515574844548,-0.7136404020128887,-1.5739891915573816,-2.1830150510647477,-1.0826990433193668,-1.6726067424300526,-0.5345722812579041,-1.536149062047618,-2.116206300276028,-0.7912022148135536,-0.887415451054371,-1.768303766835197,-2.467689046254572,-2.039385340371224,-0.5759223201440036,-1.0120618498494174,-2.031560910098132,-0.5408007131916845,-1.9637115983277806,-0.9455621371569242,-2.449294778119776,-1.9293096499353777,-1.466415495212167,-2.5064048468284885,-2.209948938671248,-2.1907897129234546,-1.0215820627367482,-2.19263213346281,-1.7818594687009304,-1.9546725976915462,-1.320634731717754,-1.5219801522019252,-2.182756037377022,-0.623248122576277,-1.8254687624227064,-1.1934630107494033,-3.0578227748453597,-1.3803759907961093,-1.4655389078672176,-1.5160723647631869,-1.6072372531179366,-2.4620661264455648,-1.5450065857676119,-0.7160090203529095,-0.2501932684722092,-1.955741143242108,-1.1022168368112168,-2.0752234351145016,-1.5438412496616774,-0.8281162137982478,-1.4619377253317871,-1.1427916462519392,-1.6487434437118933,-1.8459513182263159,-1.0486154236043073,-1.9200235647001658,-0.7315118418485314,-0.5282594792148153,-1.3623787203666133,-1.5794140648870931,-1.6659267504771045,-1.0144806024586641,-0.5750079703149307,-1.780710667859344,-0.49687741064800645,-1.7942711312539046,-1.863765724339764,-1.451707086286764,-1.4049508294916557,-1.7640908525850825,-1.6287389081865178,-1.1958166268826214,-1.1065439395916934,-1.3197599561865432,-2.3564424972509626,-1.7865323817469712,-1.4289786299241183,-2.927811215134422,-1.1322045352048085,-0.8913225539573688,-1.1188669219244158,-1.197663780898007,-2.7892207603723245,-1.1722853856004278,-1.6101763219373046,-1.3089756090287563,-2.126764970528372,-1.499412049658543,-0.9304026353523264,-1.7618287859106334,-1.8249395273232896,-1.4412025165111721,-1.1431382334838833,-1.1567600168318457,-0.718586883414808,-1.3907681628410176,-0.9185852925939626,-1.4451216671041862,-1.0045361346868176,-2.895571573419794,-1.7039242954428018,-1.0821058333505995,-1.1399261858955416,-1.5054599776308022,-1.8453501193883175,-1.5390811080556372,-0.7973405556042726,-1.9407856520578677,-0.7695762027058354,-0.8118470917721334,-0.942281495528758,-1.0857343772264758,-1.8670858650236046,-1.453058812638141,-1.9582567551301662,-1.5450654161260815,-1.5158769345822312,-1.661919794472515,-1.8520718021768514,-0.8485717104087757,,,,,,,,,,,,,,,,,,,,,,,,,,,,,,,,,,,,,,,,,,,,,,,,,,,,,,,,,,,,,,,,,,
skew.sub.high,-0.2578300101128991,-0.33678313612852484,0.09559482325273791,-0.38374941643954213,0.6148741855505909,-0.5106761217546062,0.4000570819567475,0.10377338225400157,0.18588242866968196,-0.5245279952378882,0.6925152473543332,0.2015914932461636,-0.30559593202899543,0.6747890152471578,-0.1098250078179598,0.3432741069233002,0.44195679169400626,-0.19815905652043947,0.379834951805859,0.14861079922013645,0.21274404710248768,-0.7348001979706262,0.19906950173080926,0.28558439595873436,-0.04939296907125027,1.3232527401307608,-0.6557457909627815,0.7872473706402127,0.556838189001545,-0.5136739593817353,0.4273965003717517,-0.4910813025962286,0.5746792806788971,-0.47943257096950803,-0.0754368003410301,0.19952540056757412,0.7021465390314967,0.3388701305791199,-0.19934783992926583,0.25824436560393593,1.0584701171745226,-0.2888054053935361,0.6162370148048675,0.43100503120917916,-0.1234143824335445,0.19397223725728813,0.3497885878653208,0.11867110080723356,-0.02106520870218245,-0.3341404006996903,-0.1199717696754759,-0.9507827050647784,0.08771087577068895,-0.29065303675742316,-0.5956096187475513,-0.36474920911488895,-0.4215170188528455,-0.548798197517445,-0.9287466228858904,0.9846519780881268,-0.8092929368061895,-0.211345245056816,-0.21488808942382953,-0.5991010714590165,-0.11170196548740899,-0.37390441532360064,-0.3279424240607569,-0.7722789596478888,-0.4470357568575216,0.4507185940419376,1.0440392266937848,0.13020867988434953,0.09227616128439009,-0.5683718705671004,-0.2199040153241865,0.23352267133673604,0.01573522061804701,0.02544911240545069,-0.34660697360364057,-0.49574627497075174,0.3952246189202111,-0.6876557935236159,0.3989710158384009,0.5607354059804888,0.8080430309364786,-0.023650365414240686,-0.2522598264276414,-0.005531032199351552,0.7735203319817122,-0.3835815294573766,0.14104229726633127,-0.23163967022109536,-0.2541067864877857,-0.4063500062829102,0.4541920856340407,-0.5747850777102251,0.2593818887390162,0.6543286128042812,0.7937022665643293,0.4204655665805683,-0.1081238336256808,-0.6151542110422666,0.03753756898268164,-0.7785474295313515,-0.13826567953105412,0.37057652891318965,0.2617983875394109,0.28968193955939714,-0.6369644222958664,0.2560324111658219,-0.29806859031078825,0.01785348524090634,-0.20328723188887332,0.09892237161035812,0.6095480458612599,-0.8035824692585354,-0.5456700569011458,0.8451192852423266,-0.2790622243882967,0.6741557987105455,0.3697056631030877,-0.5220739660920175,-0.014666887058092862,-0.28355991893056226,-0.16889911586154524,-0.46917989313911435,0.48549282119713544,-0.022193269777642504,0.2049699122821722,-0.21647433800180746,-0.7752248136087694,-0.24570560963122057,0.37732506638814206,-0.7997799238659797,-0.04063423731601557,-0.044731162876871546,0.012250868627416292,0.07512177564340244,-0.4911384786328916,0.3691876757017642,-0.9149286427119315,-0.4654892904198843,0.6810055853705128,-0.5311594123720599,-0.7082234821771218,-0.04346553463725178,,,,,,,,,,,,,,,,,,,,,,,,,,,,,,,,,,,,,,,,,,,,,,,,,,,,,,,,,,,,,,,,,,
kurtosis.sub.low,-0.42911966747730773,-1.281645270917341,-0.7062198742778255,-0.9458173332056263,-0.06109552701132854,-0.9111599349830533,-0.6134490505361432,-0.7875094550042103,-0.37666434236087787,-1.0159778016500365,-0.32421308273395116,-1.0365983041736124,-0.11846630541835793,-0.6530390401381271,-1.047341179251469,-0.3864784212663612,-0.6221490400712396,-1.0718801689557698,-0.7185753320860858,-0.37962172407458383,-0.6552412414648362,-0.15673590495223996,-0.6850540018542267,-0.4480314301700134,-0.7636434116055908,-0.7854471136681097,0.12632059547059965,-0.8887079079955179,-0.022941063716782735,-0.7425727339517323,-0.3209768284240447,-0.7889044642523416,-0.8841074100394388,-0.610722837396622,-0.28394975487299573,-0.807778658625887,-0.5721345739886646,0.06844402456612048,0.029331469821391808,0.18462879536440258,-0.5389112630551189,-1.2116397211795362,-0.4955390648495364,-0.7531296516098457,-0.22600693923130571,-0.6797908088770099,-0.8180914594154701,-0.6507071659870625,-0.32735812942416737,0.2887300541502023,-0.30933545700296095,0.261988334434552,-0.8342821798294704,-0.23482630388146541,-0.4858677564894331,-1.0282424987570356,-0.1941045335206005,-0.9893861248082156,-0.41170130293548524,-0.4099659456758436,-0.30244423581018576,-0.4757749551344716,-0.6751407395480787,-0.39319768213463746,-0.2738090499735397,-1.0464957694483081,-0.5796832879773111,0.31303255960764653,-0.7785491972090837,-0.5124898344366714,-0.6071875710933272,-0.7608734597992336,-0.8174003651678065,-0.5951978759551311,-0.5576971991053719,-1.1906561872143873,-0.9257168485668015,-0.7249471196742173,-0.2947048766398477,-0.3276500981950431,-0.40586216924240776,-0.6086548802579368,-0.42375605857138243,-0.8430944707872878,-0.3723742029542998,-0.37331085945913256,-0.9557120985499127,-0.7574170171405086,-0.401372085669788,-0.7432157836396812,-0.8885407959959896,-0.5152252295720193,-0.45597371642822776,-0.5035008629442855,-0.4765100145232496,-0.7332793663127213,-0.2613230361784131,0.2495051493324829,0.24057725248233644,-0.08492258953156628,-1.112472790213919,-0.2944314991881773,-0.5112801859740601,0.47288805277831814,-1.2652771278481978,-0.47638660804054256,-0.24851868731437793,-0.8856113628910796,-0.2769452741231129,-0.8260468092736551,-0.6102836687696523,-0.438781606266749,-1.0791642513933664,-0.648275300305639,-0.40281918500898517,-0.3024822385856445,-0.180225364265663,-0.2214737634773144,-1.2480266750958424,-0.6825873186623598,-0.7376874585630913,-0.6478421011737234,-0.8260954324250989,-0.41968724760489196,-0.6834857283900868,-0.20809712969752334,0.0035144621379372062,-0.6950350772176306,-0.6934994198252395,-0.9077405020950923,-0.1354664528658175,-0.7979678329888684,-1.088836723715797,-0.3860557837462919,-0.7540156596175962,-0.8784358208467838,-0.8249566965291012,-0.6522336420056616,-0.9972142537600155,0.05893432997766825,-0.17237514674281104,-0.7488211521205155,-0.10348087397184112,-0.3748060433903051,-0.02658684102541277,-0.9803218341956975,,,,,,,,,,,,,,,,,,,,,,,,,,,,,,,,,,,,,,,,,,,,,,,,,,,,,,,,,,,,,,,,,,
kurtosis.sub.high,6.792788004088601,5.290653467264023,1.7582692681214231,1.4633609257883395,4.314797266963745,6.761244830089981,4.836153887876221,0.6160798497513563,2.0137478670983233,1.8530191686908748,6.2134068911823865,1.5113936940543926,2.929049189328478,1.1337977262097274,1.50651173856398,1.2545165584375548,1.5951226727541157,1.2838051900265042,5.509846410542854,4.19658640826142,1.0279644004571769,4.134060255605131,1.362596158744033,1.0490166739408529,3.9284594073742714,2.766273133508295,6.512663529768419,1.7947551845739989,4.2992417406696015,6.058471077088479,2.473053133955908,2.9680123981542312,0.8140365815045637,2.4745345176157696,7.1433625109102765,0.9289999184586507,1.7667272790367092,6.087634619195922,8.566314219669538,5.632345277162637,2.3487926971832938,0.22207702510420688,5.649148033095323,0.8804706392126692,5.610409042310597,1.0755660510983185,8.356070137762021,5.791671060830299,2.6015824345483125,9.115375004930119,7.409676274198358,5.880932465555937,1.3826750450629728,5.947015177721651,3.6726255388110483,4.9508824940245555,2.550731423768009,1.6327030852263322,4.650233794604078,1.6800847267171868,3.3100711071022237,1.8703450512114423,10.650423137107088,1.9511145241073022,3.4794569201535452,2.427772675961664,3.9660687761701214,7.396032826267966,3.1754574178776545,1.4207399791783006,1.8290576799976437,6.595597541712902,1.9725591990218032,5.533802594392375,3.1232699882915225,0.6309311400415588,3.216854775376262,2.0533205165850017,3.8298840032019603,4.147131918542786,2.3981087474730787,3.749090980467917,1.3396930538096843,0.9804691613828365,4.4674069296029675,3.309856331571501,3.5903209848758393,1.2941188927654599,1.5070347995709017,3.325270732205819,0.20460791628004887,4.914785123178609,5.079585178025395,2.4434258547875585,3.0171172369717265,3.3439426372737415,4.227765294955398,2.987500571109326,2.5339650465829524,3.0565899378309282,7.654133129337774,3.7886648477567526,2.4390050154911194,10.791308604129608,1.0718206249194109,1.3707959961148952,2.1854637275204203,1.7766394062574573,9.54553850304448,2.8135078949550416,2.828131608039163,2.219687269183577,5.885393762420263,3.933604250020788,1.7704400274816536,3.5612722433348654,3.6826144565565913,4.640167655921173,0.9164178883841898,2.333156841813436,0.9541108450317711,1.9917987995689412,1.0609840203462721,2.847168667284996,1.1659481588529148,11.691581897006465,4.723890064777236,1.4654879989553993,1.9364444639887661,3.3415477921568395,4.332814377724531,2.622413808439752,0.5667117379238922,3.7209347166980433,0.815623289891779,0.4839013267474428,0.9303526027277127,1.4733509465848924,3.974935001481875,3.5184483778922555,4.465130995121403,2.651405804832952,4.240407271149901,3.3642625160084334,4.339835749121865,0.4673276455578209,,,,,,,,,,,,,,,,,,,,,,,,,,,,,,,,,,,,,,,,,,,,,,,,,,,,,,,,,,,,,,,,,,
